Name,Rank,id
J. Sinner,1,s0ag
C. Alcaraz,2,a0e2
A. Zverev,3,z355
J. Draper,4,d0co
N. Djokovic,5,d643
T. Fritz,6,fb98
L. Musetti,7,m0ej
H. Rune,8,r0dg
D. Medvedev,9,mm58
B. Shelton,10,s0s1
A. de Minaur,11,dh58
F. Tiafoe,12,td51
T. Paul,13,pl56
A. Rublev,14,re44
C. Ruud,15,rh16
A. Fils,16,f0f1
J. Mensik,17,m0ni
F. Cerundolo,18,c0au
K. Khachanov,19,ke29
U. Humbert,20,hh26
G. Dimitrov,21,d875
A. Popyrin,22,p09z
T. Machac,23,m0fh
F. Cobolli,24,c0e9
J. Lehecka,25,l0bv
S. Tsitsipas,26,te51
F. Auger-Aliassime,27,ag37
A. Davidovich Fokina,28,dh50
D. Shapovalov,29,su55
A. Bublik,30,bk92
S. Korda,31,k0ah
B. Nakashima,32,n0ae
A. Michelsen,33,m0qi
T. Griekspoor,34,gj37
M. Berrettini,35,bk40
G. Mpetshi Perricard,36,m0gz
N. Borges,37,bt72
S. Baez,38,b0bi
H. Hurkacz,39,hb71
A. Muller,40,mp20
G. Diallo,41,d0f6
M. Arnaldi,42,a0fc
J. Thompson,43,tc61
R. Bautista Agut,44,bd06
Q. Halys,45,hb64
G. Monfils,46,mc65
M. Giron,47,gc88
L. Sonego,48,su87
M. Kecmanovic,49,ki95
Z. Bergs,50,bu13
J. Fearnley,51,f0by
P. Martinez,52,mo44
T. Etcheverry,53,ea24
J. Munar,54,mu94
C. Ugo Carabelli,55,u182
D. Altmaier,56,ae14
J. Fonseca,57,f0fv
F. Marozsan,58,m0ci
L. Darderi,59,d0fj
L. Djere,60,db63
C. Norrie,61,n771
D. Goffin,62,gb88
B. Bonzi,63,bm95
F. Comesana,64,c0df
K. Nishikori,65,n552
L. Tien,66,t0ha
D. Dzumhur,67,d923
Y. Bu,68,y09v
A. Rinderknech,69,rc91
R. Opelka,70,o522
H. Medjedovic,71,m0jf
R. Carballes Baena,72,cf59
M. Bellucci,73,b0gg
R. Safiullin,74,sx50
A. Kovacevic,75,k0az
C. O'Connell,76,o483
V. Kopriva,77,ki82
H. Dellien,78,da31
J. Shang,79,s0re
C. Moutet,80,mw02
B. Coric,81,cg80
Y. Nishioka,82,n732
M. Cilic,83,c977
A. Tabilo,84,te30
R. Collignon,85,c0jp
H. Gaston,86,g09o
R. Hijikata,87,h0bh
M. McDonald,88,mk66
A. Walton,89,w09e
M. Navone,90,n0bs
B. van de Zandschulp,91,v812
A. Vukic,92,v832
P. Carreno Busta,93,cd85
E. Quinn,94,q02l
L. Nardi,95,n0bg
C. Tseng,96,t0ap
O. Virtanen,97,v0am
A. Shevchenko,98,s0h2
N. Basavareddy,99,b0nn
C. Taberner,100,te16
B. Holt,101,h09p
T. Schoolkate,102,s0n0
M. Fucsovics,103,f724
J. de Jong,104,d0c1
J. Duckworth,105,d994
D. Galan,106,ge33
T. Barrios Vera,107,bs86
K. Majchrzak,108,mq75
C. Garin,109,gd64
F. Misolic,110,m0jz
J. Cerundolo,111,c0c8
V. Royer,112,r0eb
D. Svrcina,113,s0gd
A. Cazaux,114,c0h0
J. Faria,115,f0f2
E. Moller,116,m0k4
D. Lajovic,117,l987
E. Nava,118,n0am
T. Boyer,119,b0ej
T. Tirante,120,t0a1
Z. Zhang,121,z371
A. Mannarino,122,me82
T. Atmane,123,a0gc
J. Struff,124,sl28
N. Basilashvili,125,bg23
P. Herbert,126,h996
E. Spizzirri,127,s0ja
T. Seyboth Wild,128,sx91
C. Eubanks,129,e865
F. Passaro,130,p0ct
R. Burruchaga,131,b0fv
M. Gigante,132,g0gd
C. Smith,133,s0ze
Y. Hanfmann,134,h997
L. Pouille,135,pf39
M. Landaluce,136,l0il
F. Fognini,137,f510
A. Pellegrino,138,ph64
V. Gaubas,139,g0fw
A. Blockx,140,b0pg
T. Monteiro,141,mj08
N. Jarry,142,j551
S. Mochizuki,143,m0hu
J. Brooksby,144,b0cd
F. Meligeni Alves,145,mw75
T. Kokkinakis,146,kd46
L. Draxl,147,d0dp
K. Jacquet,148,j0az
M. Trungelliti,149,ta29
F. Coria,150,ce77
I. Buse,151,b0id
S. Wawrinka,152,w367
J. Ficovich,153,fa43
T. Daniel,154,da81
H. Rocha,155,r0go
N. Moreno De Alboran,156,mw18
Z. Piros,157,p09o
F. Gomez,158,gj16
J. Kym,159,k0ep
C. Rodesch,160,r0e0
M. Krueger,161,kc12
S. Ofner,162,o513
L. Tu,163,tc01
M. Huesler,164,hh06
M. Lajal,165,l0gh
L. Neumayer,166,n0cs
B. Harris,167,hd68
H. Habib,168,hf80
D. Evans,169,e687
R. Gasquet,170,g628
C. Wong,171,w0bh
D. Prizmic,172,p0hw
U. Blanchet,173,bv16
G. Den Ouden,174,d0h9
H. Grenier,175,gf95
D. Popko,176,pg20
Y. Watanuki,177,wb08
C. Hemery,178,hb48
A. Bolt,179,bi81
L. Van Assche,180,v0dz
J. McCabe,181,m0oq
A. Kachmazov,182,k0e6
D. Ajdukovic,183,a0cj
H. Mayot,184,m0g4
L. Klein,185,ki63
S. Shimabukuro,186,sy67
F. Arnaboldi,187,a0ba
A. Ritschard,188,rc04
M. Kukushkin,189,k926
M. Cassone,190,c0ht
S. Rodriguez Taverna,191,rh59
A. Holmgren,192,h09n
B. Hassan,193,hg94
T. Droguet,194,d0dw
J. Rodionov,195,r09x
J. Clarke,196,ci14
C. Lestienne,197,lb66
J. Trotter,198,t0bw
F. Diaz Acosta,199,d0cg
J. Choinski,200,ch12
J. Kubler,201,kb95
O. Jasika,202,j553
D. Rincon,203,r0fp
P. Martin Tiffon,204,m0ea
Y. Uchiyama,205,u134
G. Onclin,206,o0a2
A. Galarneau,207,gk06
A. Moro Canas,208,m0ht
T. Skatov,209,s0gr
V. Sachko,210,ss25
A. Ramos-Vinolas,211,r772
P. Kotov,212,k09f
C. Tabur,213,t09x
A. Karatsev,214,kc56
B. Gojo,215,gh92
Y. Shimizu,216,s0aq
J. Engel,217,e0dd
A. Dougaz,218,df88
R. Pacheco Mendez,219,p0j1
E. Ymer,220,y218
R. Noguchi,221,n09u
M. Dellien,222,dc48
J. Monday,223,m0on
A. Collarini,224,cc66
D. Kuzmanov,225,kc33
G. Heide,226,h0du
I. Simakin,227,s0o6
Z. Svajda,228,s0k7
A. Bouquier,229,b0er
V. Durasovic,230,dc76
A. Vallejo,231,v0dp
A. Guillen Meza,232,g0dh
C. Chidekh,233,c0bh
D. Merida,234,m0n7
K. Coppejans,235,cg33
F. Maestrelli,236,m0if
D. Stricker,237,s0la
N. Fatic,238,f840
P. Kypson,239,k0a3
L. Pavlovic,240,p0ay
Y. Hsu,241,h09f
B. Tomic,242,ta46
F. Sun,243,sx90
K. Sultanov,244,sr81
B. Zhukayev,245,z09z
O. Crawford,246,c0ak
S. Purtseladze,247,p0ea
J. Reis Da Silva,248,r0a7
N. Mejia,249,m0aw
J. Varillas,250,v836
E. Butvilas,251,b0mm
Y. Bai,252,be69
F. Mena,253,mj98
M. Gengel,254,g09c
A. Escoffier,255,e768
M. Houkes,256,h0cx
M. Sharipov,257,s0mn
S. Gueymard Wayenburg,258,g0gw
M. Poljicak,259,p0gq
V. Vacherot,260,va25
A. Andrade,261,ag08
R. Peniston,262,ph78
G. Debru,263,d0hd
M. Rehberg,264,r0ed
D. Yevseyev,265,y171
A. Barrena,266,b0gy
M. Erhard,267,e0ac
F. Ferreira Silva,268,sn54
M. Soto,269,s0ek
L. Giustino,270,ga79
C. Sanchez Jover,271,s0cg
F. Jianu,272,j09x
M. Marterer,273,mn13
I. Gakhov,274,ge28
M. Topo,275,t0fi
G. Blancaneaux,276,bu54
T. Wu,277,w857
F. Cina,278,c0nb
P. Zahraj,279,z09f
J. Pinnington Jones,280,p0ht
L. Midon,281,m0oh
E. Coulibaly,282,c0hb
Y. Wu,283,wb32
K. Sell,284,sm88
R. Sakamoto,285,s0uv
C. Negritu,286,n731
M. Martineau,287,mw76
G. Loffhagen,288,l0cf
G. Oliveira,289,o482
M. Pucinelli De Almeida,290,p0df
M. Geerts,291,gg65
S. Nagal,292,n897
A. Gea,293,g0ix
J. Cui,294,c0aj
D. Michalski,295,m0e1
R. Albot,296,a829
A. Martin,297,mf35
N. Budkov Kjaer,298,b0u4
M. Brunold,299,b0lw
A. Mayo,300,m0nb
G. Brouwer,301,bo10
N. Alvarez Varona,302,a09u
G. Bueno,303,b0gr
B. Ellis,304,ea27
J. Torres,305,t0dm
G. Olivieri,306,o660
S. Travaglia,307,ta12
T. Zink,308,z0ak
R. Olivo,309,o376
J. Barranco Cosano,310,bv25
C. Denolly,311,df92
M. Alves,312,d0ar
E. Ruusuvuori,313,rh24
M. Purcell,314,ph71
J. Prado Angelo,315,p0iy
L. Harris,316,hg86
Y. Zhou,317,z0cq
J. Sels,318,so20
R. Strombachs,319,s0gv
P. Bar Biryukov,320,b0lq
A. Andreev,321,a0ab
J. Berrettini,322,bu10
M. Mmoh,323,mp01
N. Gombos,324,gb93
R. Bertola,325,bu70
A. Vavassori,326,va08
O. Roca Batalla,327,rb60
R. Cid Subervi,328,cf88
H. Barton,329,b0ou
P. Sakamoto,330,sl94
P. Maloney,331,m0re
M. Echargui,332,ea13
A. Vatutin,333,v717
N. Nakagawa,334,n707
R. Brancaccio,335,bv24
A. Shelbayh,336,s0nv
A. Marti Pujolras,337,m0ey
G. Elias,338,e698
C. Langmo,339,li10
D. Added,340,a09t
L. Ambrogi,341,a0ik
N. Sanchez Izquierdo,342,s0gz
R. Molleker,343,m0ac
O. Ovcharenko,344,o0be
O. Prihodko,345,pl64
C. Cretu,346,c0b2
M. Bouzige,347,b0ek
G. Zeppieri,348,z0a1
D. Dedura,350,d0lj
N. Ionel,351,i0a7
J. Paul,352,p0d0
H. Squire,353,s0ak
E. Dalla Valle,354,dg80
B. Zapata Miralles,355,z419
D. Dutra da Silva,356,sg56
G. Johns,357,j0b5
F. Roncadelli,358,r0bt
M. Rosenkranz,359,rh62
S. Kozlov,360,ke64
M. Dodig,361,d0l3
G. Barrere,362,bk24
M. Imamura,363,i426
A. Ilagan,364,i0b0
G. Boitan,365,b0c0
L. Poullain,366,pj74
A. Gray,367,g0ao
L. Mikrut,368,m0n1
M. Karol,369,k0hg
T. Kodat,370,k0eu
S. Hong,371,hc21
G. Nanda,372,n0al
T. Pereira,373,p0k4
H. Chung,374,ch27
P. Boscardin Dias,375,b0fi
R. Bertrand,376,b0jj
J. Kovalik,377,kc04
A. Perez,378,pl39
A. Soriano Barrera,379,s0bt
F. Bax,380,b0bu
S. Gulin,381,g0j9
G. Villanueva,382,v821
A. Rybakov,383,rg42
M. Polmans,384,pg94
G. Fonio,385,fc49
K. Samrej,386,s0hr
T. Paris,387,p0gn
L. Pokorny,388,p0hp
N. Kicker,389,kc29
N. Oberleitner,390,o0ad
H. Moriya,391,mi01
A. Nedic,392,n0db
G. Justo,393,j0aw
M. Jones,394,j0d2
F. Bondioli,395,b0pe
R. Berankis,396,be90
T. Gentzsch,397,g0ib
J. Wolf,398,w09g
S. Dostanic,399,d0d4
L. Lokoli,400,lc12
D. Glinka,401,g0by
M. Dellavedova,402,d0a2
J. Aguilar,403,a09w
A. Zakharov,404,z0ab
F. Andaloro,405,a0f3
M. Neuchrist,406,n663
B. Lock,407,lc54
F. Agamenone,408,aa27
M. Kestelboim,409,ke69
G. Pennaforti,410,p0jg
M. Sasikumar,411,mp13
Z. Kolar,412,kh56
A. Binda,413,b0gi
M. Guinard,414,gh33
M. Wiskandt,415,w0bb
Y. Takahashi,416,tf58
J. Schwaerzler,417,s0wt
H. Searle,418,s0tx
I. Montes-De La Torre,419,m0nl
P. Jubb,420,j0a4
S. Sakellaridis,421,s0kt
E. Couacaud,422,cg94
D. Novak,423,db59
G. Piraino,424,p0i6
E. Karlovskiy,425,kd87
M. Damas,426,d0cn
M. Alcala Gurri,427,a0ea
P. Henning,428,h0bf
K. Van Wyk,429,va23
I. Radulov,430,r0il
M. Janvier,431,j620
S. Parker,432,p0bk
A. Tudorica,433,t0iz
K. Singh,434,s0ri
K. Feldbausch,435,f0f4
S. Kopp,436,k0cj
O. Krutykh,437,k0dp
V. Aboian,438,a0g7
S. Fomin,439,f0a3
P. Nesterov,440,n0cj
M. Cecchinato,441,cf01
G. Campana Lee,442,c0mh
S. Shin,443,s09p
W. Shin,444,s0in
G. Hussey,445,h0dc
V. Ursu,446,u176
D. Koepfer,447,ke73
M. Cressy,448,c0bc
A. Matusevich,449,m0fa
L. Marmousez,450,m0gy
A. Shah,451,s0w8
R. Nijboer,452,n0b4
G. Mager,453,ml57
M. Chazal,454,cd00
M. Krumich,455,k0fy
J. La Serna,456,l0gr
A. Fery,457,f0dm
J. Nicod,458,n0d9
T. Compagnucci,459,c0bb
E. Kirkin,460,ki48
G. Cadenasso,461,c0nn
E. Vanshelboim,462,v0d4
K. Isomura,463,i0ax
J. De Loore,464,da86
D. Blanch,465,b0no
K. Edmund,466,e831
A. Picchione,467,p0dr
B. Artnak,468,a0i1
G. Bailly,469,b0qc
P. Araujo,470,a0es
M. Kasnikowski,471,k0hc
D. Masur,472,mn20
C. Broom,473,bv21
P. Sekulic,474,s0ti
Y. Dzhavakian,475,db32
A. Molcan,476,mv14
P. Brunclik,477,b0ov
A. Pecci,478,p0fy
O. Pieczkowski,479,p0it
R. Seggerman,480,s0dl
P. Cachin,481,cg04
M. Braswell,482,b0j8
P. Fajta,483,f0dp
B. Djuric,484,d0hj
T. Colson,485,c0i4
A. Hernandez,486,h0cd
E. Arutiunian,487,a0ia
A. Rai,488,r0dc
H. Wendelken,489,w0ah
A. McHugh,490,m0cw
E. Agafonov,491,a0fm
K. Smith,492,s0dq
M. Zheng,493,z0bz
A. Thanos,494,t0ei
H. Casanova,495,cg07
O. Wallin,496,w0bu
M. Vrbensky,497,v0b2
M. Mrva,498,m0se
L. Borg,499,b0jg
L. Riedi,500,r0fs
